countryName,countryCode,outlet,url,domain,httpCode,failureReason,suggestedAction,sourceCheckedDate,reportCheckedDate
"Argentina","AR","Ambito Financiero","https://www.ambito.com/rss/pages/home.xml",ambito.com,,NETWORK,"Network-level failure. Re-run on healthy runtime or later schedule.","02/18/2026","02/18/2026"
"Argentina","AR","Clarín (Politics)","https://www.clarin.com/rss/politica/",clarin.com,,NETWORK,"Network-level failure. Re-run on healthy runtime or later schedule.","02/18/2026","02/18/2026"
"Argentina","AR","Cronista (Finance)","https://www.cronista.com/files/rss/news.xml",cronista.com,,NETWORK,"Network-level failure. Re-run on healthy runtime or later schedule.","02/18/2026","02/18/2026"
"Argentina","AR","EconoJournal","https://www.econojournal.com.ar/rss",econojournal.com.ar,,NETWORK,"Network-level failure. Re-run on healthy runtime or later schedule.","02/18/2026","02/18/2026"
"Argentina","AR","Infobae (General)","https://www.infobae.com/arc/outboundfeeds/rss/?outputType=amp",infobae.com,,NETWORK,"Network-level failure. Re-run on healthy runtime or later schedule.","02/18/2026","02/18/2026"
"Argentina","AR","La Nacion (Economy)","https://www.lanacion.com.ar/arc/outboundfeeds/rss/?outputType=xml&rotation=economia",lanacion.com.ar,,NETWORK,"Network-level failure. Re-run on healthy runtime or later schedule.","02/18/2026","02/18/2026"
"Argentina","AR","Mining Press","https://miningpress.com",miningpress.com,,NETWORK,"Network-level failure. Re-run on healthy runtime or later schedule.","02/18/2026","02/18/2026"
"Argentina","AR","Perfil","https://www.perfil.com/feed/",perfil.com,,NETWORK,"Network-level failure. Re-run on healthy runtime or later schedule.","02/18/2026","02/18/2026"
"Argentina","AR","Reporte Energía","https://www.reporteenergia.com",reporteenergia.com,,NETWORK,"Network-level failure. Re-run on healthy runtime or later schedule.","02/18/2026","02/18/2026"
"Australia","AU","ABC News - Business","https://www.abc.net.au/news/feed/51892/rss.xml",abc.net.au,,NETWORK,"Network-level failure. Re-run on healthy runtime or later schedule.","02/18/2026","02/18/2026"
"Australia","AU","ABC News - World","https://www.abc.net.au/news/feed/52278/rss.xml",abc.net.au,,NETWORK,"Network-level failure. Re-run on healthy runtime or later schedule.","02/18/2026","02/18/2026"
"Australia","AU","News.com.au - Finance","https://www.news.com.au/finance/feed",news.com.au,,NETWORK,"Network-level failure. Re-run on healthy runtime or later schedule.","02/18/2026","02/18/2026"
"Australia","AU","Sydney Morning Herald - Business","https://www.smh.com.au/rss/business.xml",smh.com.au,,NETWORK,"Network-level failure. Re-run on healthy runtime or later schedule.","02/18/2026","02/18/2026"
"Australia","AU","The Age - Business","https://www.theage.com.au/rss/business.xml",theage.com.au,,NETWORK,"Network-level failure. Re-run on healthy runtime or later schedule.","02/18/2026","02/18/2026"
"Australia","AU","The Australian - Business","https://www.theaustralian.com.au/business/rss",theaustralian.com.au,,NETWORK,"Network-level failure. Re-run on healthy runtime or later schedule.","02/18/2026","02/18/2026"
"Brazil","BR","Canaltech","https://canaltech.com.br/rss/",canaltech.com.br,,NETWORK,"Network-level failure. Re-run on healthy runtime or later schedule.","02/18/2026","02/18/2026"
"Brazil","BR","Correio Braziliense","https://www.correiobraziliense.com.br/rss/noticia/economia/rss.xml",correiobraziliense.com.br,,NETWORK,"Network-level failure. Re-run on healthy runtime or later schedule.","02/18/2026","02/18/2026"
"Brazil","BR","Estadão (Economy)","https://www.estadao.com.br/rss/economia",estadao.com.br,,NETWORK,"Network-level failure. Re-run on healthy runtime or later schedule.","02/18/2026","02/18/2026"
"Brazil","BR","Folha de S.Paulo - Market","https://feeds.folha.uol.com.br/mercado/rss091.xml",feeds.folha.uol.com.br,,NETWORK,"Network-level failure. Re-run on healthy runtime or later schedule.","02/18/2026","02/18/2026"
"Brazil","BR","Folha de S.Paulo - Top","https://feeds.folha.uol.com.br/emcimadahora/rss091.xml",feeds.folha.uol.com.br,,NETWORK,"Network-level failure. Re-run on healthy runtime or later schedule.","02/18/2026","02/18/2026"
"Brazil","BR","Forbes Brazil","https://forbes.com.br/feed/",forbes.com.br,,NETWORK,"Network-level failure. Re-run on healthy runtime or later schedule.","02/18/2026","02/18/2026"
"Brazil","BR","G1 (Globo - Economy)","https://g1.globo.com/rss/g1/economia/",g1.globo.com,,NETWORK,"Network-level failure. Re-run on healthy runtime or later schedule.","02/18/2026","02/18/2026"
"Brazil","BR","G1 (Globo - Tech)","https://g1.globo.com/rss/g1/tecnologia/",g1.globo.com,,NETWORK,"Network-level failure. Re-run on healthy runtime or later schedule.","02/18/2026","02/18/2026"
"Brazil","BR","InfoMoney","https://www.infomoney.com.br/feed/",infomoney.com.br,,NETWORK,"Network-level failure. Re-run on healthy runtime or later schedule.","02/18/2026","02/18/2026"
"Canada","CA","Business In Vancouver (BIV)","https://biv.com/rss",biv.com,,NETWORK,"Network-level failure. Re-run on healthy runtime or later schedule.","02/18/2026","02/18/2026"
"Canada","CA","Calgary Herald","https://calgaryherald.com/feed",calgaryherald.com,,NETWORK,"Network-level failure. Re-run on healthy runtime or later schedule.","02/18/2026","02/18/2026"
"Canada","CA","Calgary Sun","https://calgarysun.com/feed",calgarysun.com,,NETWORK,"Network-level failure. Re-run on healthy runtime or later schedule.","02/18/2026","02/18/2026"
"Canada","CA","Canada.com","https://o.canada.com/feed",o.canada.com,,NETWORK,"Network-level failure. Re-run on healthy runtime or later schedule.","02/18/2026","02/18/2026"
"Canada","CA","Canada's National Observer","https://nationalobserver.com/front/rss",nationalobserver.com,,NETWORK,"Network-level failure. Re-run on healthy runtime or later schedule.","02/18/2026","02/18/2026"
"Canada","CA","CBC News (Top Stories)","https://www.cbc.ca/webfeed/rss/rss-topstories",cbc.ca,,NETWORK,"Network-level failure. Re-run on healthy runtime or later schedule.","02/18/2026","02/18/2026"
"Canada","CA","CityNews Toronto","https://toronto.citynews.ca/feed",toronto.citynews.ca,,NETWORK,"Network-level failure. Re-run on healthy runtime or later schedule.","02/18/2026","02/18/2026"
"Canada","CA","Edmonton Journal","https://edmontonjournal.com/feed",edmontonjournal.com,,NETWORK,"Network-level failure. Re-run on healthy runtime or later schedule.","02/18/2026","02/18/2026"
"Canada","CA","Edmonton Sun","https://edmontonsun.com/feed",edmontonsun.com,,NETWORK,"Network-level failure. Re-run on healthy runtime or later schedule.","02/18/2026","02/18/2026"
"Canada","CA","Financial Post","https://feeds.feedburner.com/FP_TopStories",feeds.feedburner.com,,NETWORK,"Network-level failure. Re-run on healthy runtime or later schedule.","02/18/2026","02/18/2026"
"Canada","CA","Global News","https://globalnews.ca/feed",globalnews.ca,,NETWORK,"Network-level failure. Re-run on healthy runtime or later schedule.","02/18/2026","02/18/2026"
"Canada","CA","Grande Prairie Daily Herald Tribune","https://dailyheraldtribune.com/feed",dailyheraldtribune.com,,NETWORK,"Network-level failure. Re-run on healthy runtime or later schedule.","02/18/2026","02/18/2026"
"Canada","CA","National Post","https://nationalpost.com/feed",nationalpost.com,,NETWORK,"Network-level failure. Re-run on healthy runtime or later schedule.","02/18/2026","02/18/2026"
"Canada","CA","Ottawa Citizen","https://ottawacitizen.com/feed",ottawacitizen.com,,NETWORK,"Network-level failure. Re-run on healthy runtime or later schedule.","02/18/2026","02/18/2026"
"Canada","CA","Ottawa Sun","https://ottawasun.com/feed",ottawasun.com,,NETWORK,"Network-level failure. Re-run on healthy runtime or later schedule.","02/18/2026","02/18/2026"
"Canada","CA","Owen Sound Sun Times","https://owensoundsuntimes.com/feed",owensoundsuntimes.com,,NETWORK,"Network-level failure. Re-run on healthy runtime or later schedule.","02/18/2026","02/18/2026"
"Canada","CA","Prince Albert Daily Herald","https://paherald.sk.ca/feed",paherald.sk.ca,,NETWORK,"Network-level failure. Re-run on healthy runtime or later schedule.","02/18/2026","02/18/2026"
"Canada","CA","rabble.ca","https://rabble.ca/feed",rabble.ca,,NETWORK,"Network-level failure. Re-run on healthy runtime or later schedule.","02/18/2026","02/18/2026"
"Canada","CA","Regina Leader Post","https://leaderpost.com/feed",leaderpost.com,,NETWORK,"Network-level failure. Re-run on healthy runtime or later schedule.","02/18/2026","02/18/2026"
"Canada","CA","Stratford Beacon Herald","https://stratfordbeaconherald.com/feed",stratfordbeaconherald.com,,NETWORK,"Network-level failure. Re-run on healthy runtime or later schedule.","02/18/2026","02/18/2026"
"Canada","CA","Sunny South News","https://sunnysouthnews.com/feed",sunnysouthnews.com,,NETWORK,"Network-level failure. Re-run on healthy runtime or later schedule.","02/18/2026","02/18/2026"
"Canada","CA","The Afro News","https://theafronews.com/feed",theafronews.com,,NETWORK,"Network-level failure. Re-run on healthy runtime or later schedule.","02/18/2026","02/18/2026"
"Canada","CA","The Georgia Straight","https://straight.com/content/rss",straight.com,,NETWORK,"Network-level failure. Re-run on healthy runtime or later schedule.","02/18/2026","02/18/2026"
"Canada","CA","The Province","https://theprovince.com/feed",theprovince.com,,NETWORK,"Network-level failure. Re-run on healthy runtime or later schedule.","02/18/2026","02/18/2026"
"Canada","CA","The StarPhoenix","https://thestarphoenix.com/feed",thestarphoenix.com,,NETWORK,"Network-level failure. Re-run on healthy runtime or later schedule.","02/18/2026","02/18/2026"
"Canada","CA","The Tyee","https://thetyee.ca/rss2.xml",thetyee.ca,,NETWORK,"Network-level failure. Re-run on healthy runtime or later schedule.","02/18/2026","02/18/2026"
"Canada","CA","TheCanadianPressNews (search)","https://www.thecanadianpressnews.ca/search/?f=rss",thecanadianpressnews.ca,,NETWORK,"Network-level failure. Re-run on healthy runtime or later schedule.","02/18/2026","02/18/2026"
"Canada","CA","Toronto Sun","https://torontosun.com/feed",torontosun.com,,NETWORK,"Network-level failure. Re-run on healthy runtime or later schedule.","02/18/2026","02/18/2026"
"Canada","CA","Windsor Star","https://windsorstar.com/feed",windsorstar.com,,NETWORK,"Network-level failure. Re-run on healthy runtime or later schedule.","02/18/2026","02/18/2026"
"Canada","CA","YGK News (Kingston)","https://ygknews.ca/feed",ygknews.ca,,NETWORK,"Network-level failure. Re-run on healthy runtime or later schedule.","02/18/2026","02/18/2026"
"China","CN","Caixin Global","https://caixinglobal.com/feed",caixinglobal.com,,NETWORK,"Network-level failure. Re-run on healthy runtime or later schedule.","02/18/2026","02/18/2026"
"China","CN","China Daily","https://chinadaily.com.cn/feed",chinadaily.com.cn,,NETWORK,"Network-level failure. Re-run on healthy runtime or later schedule.","02/18/2026","02/18/2026"
"China","CN","China Times","https://chinatimes.com/feed",chinatimes.com,,NETWORK,"Network-level failure. Re-run on healthy runtime or later schedule.","02/18/2026","02/18/2026"
"China","CN","Global Times","https://globaltimes.cn/feed",globaltimes.cn,,NETWORK,"Network-level failure. Re-run on healthy runtime or later schedule.","02/18/2026","02/18/2026"
"China","CN","Initium","https://theinitium.com/feed",theinitium.com,,NETWORK,"Network-level failure. Re-run on healthy runtime or later schedule.","02/18/2026","02/18/2026"
"China","CN","Jiemian","https://jiemian.com/feed",jiemian.com,,NETWORK,"Network-level failure. Re-run on healthy runtime or later schedule.","02/18/2026","02/18/2026"
"China","CN","Liberty Times","https://ltn.com.tw/feed",ltn.com.tw,,NETWORK,"Network-level failure. Re-run on healthy runtime or later schedule.","02/18/2026","02/18/2026"
"China","CN","People's Daily","https://people.com.cn/feed",people.com.cn,,NETWORK,"Network-level failure. Re-run on healthy runtime or later schedule.","02/18/2026","02/18/2026"
"China","CN","South China Morning Post","https://scmp.com/feed",scmp.com,,NETWORK,"Network-level failure. Re-run on healthy runtime or later schedule.","02/18/2026","02/18/2026"
"China","CN","TechNode","https://technode.com/feed",technode.com,,NETWORK,"Network-level failure. Re-run on healthy runtime or later schedule.","02/18/2026","02/18/2026"
"China","CN","The Paper","https://thepaper.cn/feed",thepaper.cn,,NETWORK,"Network-level failure. Re-run on healthy runtime or later schedule.","02/18/2026","02/18/2026"
"China","CN","United Daily News","https://udn.com/feed",udn.com,,NETWORK,"Network-level failure. Re-run on healthy runtime or later schedule.","02/18/2026","02/18/2026"
"China","CN","Xinhua Net","https://xinhuanet.com/feed",xinhuanet.com,,NETWORK,"Network-level failure. Re-run on healthy runtime or later schedule.","02/18/2026","02/18/2026"
"China","CN","Yicaiglobal","https://yicaiglobal.com/feed",yicaiglobal.com,,NETWORK,"Network-level failure. Re-run on healthy runtime or later schedule.","02/18/2026","02/18/2026"
"France","FR","20 Minutes","https://www.20minutes.fr/feeds/rss-une.xml",20minutes.fr,,NETWORK,"Network-level failure. Re-run on healthy runtime or later schedule.","02/18/2026","02/18/2026"
"France","FR","Dernières Nouvelles d'Alsace (DNA)","https://www.dna.fr/rss",dna.fr,,NETWORK,"Network-level failure. Re-run on healthy runtime or later schedule.","02/18/2026","02/18/2026"
"France","FR","France 24","https://www.france24.com/en/rss",france24.com,,NETWORK,"Network-level failure. Re-run on healthy runtime or later schedule.","02/18/2026","02/18/2026"
"France","FR","France Soir","https://www.francesoir.fr/rss.xml",francesoir.fr,,NETWORK,"Network-level failure. Re-run on healthy runtime or later schedule.","02/18/2026","02/18/2026"
"France","FR","France Today","https://www.francetoday.com/feed",francetoday.com,,NETWORK,"Network-level failure. Re-run on healthy runtime or later schedule.","02/18/2026","02/18/2026"
"France","FR","FrenchDailyNews","https://frenchdailynews.com/feed",frenchdailynews.com,,NETWORK,"Network-level failure. Re-run on healthy runtime or later schedule.","02/18/2026","02/18/2026"
"France","FR","InfoMigrants (EN)","https://www.infomigrants.net/en/rss/all.xml",infomigrants.net,,NETWORK,"Network-level failure. Re-run on healthy runtime or later schedule.","02/18/2026","02/18/2026"
"France","FR","L'Est Républicain","https://www.estrepublicain.fr/rss",estrepublicain.fr,,NETWORK,"Network-level failure. Re-run on healthy runtime or later schedule.","02/18/2026","02/18/2026"
"France","FR","La Croix","https://www.la-croix.com/feeds/rss/site.xml",la-croix.com,,NETWORK,"Network-level failure. Re-run on healthy runtime or later schedule.","02/18/2026","02/18/2026"
"France","FR","La Dépêche","https://www.ladepeche.fr/rss.xml",ladepeche.fr,,NETWORK,"Network-level failure. Re-run on healthy runtime or later schedule.","02/18/2026","02/18/2026"
"France","FR","Le Monde (EN – Culture)","https://www.lemonde.fr/en/culture/rss_full.xml",lemonde.fr,,NETWORK,"Network-level failure. Re-run on healthy runtime or later schedule.","02/18/2026","02/18/2026"
"France","FR","Le Monde (EN – Economy)","https://www.lemonde.fr/en/economy/rss_full.xml",lemonde.fr,,NETWORK,"Network-level failure. Re-run on healthy runtime or later schedule.","02/18/2026","02/18/2026"
"France","FR","Le Monde (EN – Editorials)","https://www.lemonde.fr/en/editorials/rss_full.xml",lemonde.fr,,NETWORK,"Network-level failure. Re-run on healthy runtime or later schedule.","02/18/2026","02/18/2026"
"France","FR","Le Monde (EN – Environment)","https://www.lemonde.fr/en/environment/rss_full.xml",lemonde.fr,,NETWORK,"Network-level failure. Re-run on healthy runtime or later schedule.","02/18/2026","02/18/2026"
"France","FR","Le Monde (EN – Europe)","https://www.lemonde.fr/en/europe/rss_full.xml",lemonde.fr,,NETWORK,"Network-level failure. Re-run on healthy runtime or later schedule.","02/18/2026","02/18/2026"
"France","FR","Le Monde (EN – International)","https://www.lemonde.fr/en/international/rss_full.xml",lemonde.fr,,NETWORK,"Network-level failure. Re-run on healthy runtime or later schedule.","02/18/2026","02/18/2026"
"France","FR","Le Monde (EN – Main)","https://www.lemonde.fr/en/rss/une.xml",lemonde.fr,,NETWORK,"Network-level failure. Re-run on healthy runtime or later schedule.","02/18/2026","02/18/2026"
"France","FR","Le Monde (EN – Science)","https://www.lemonde.fr/en/science/rss_full.xml",lemonde.fr,,NETWORK,"Network-level failure. Re-run on healthy runtime or later schedule.","02/18/2026","02/18/2026"
"France","FR","Le Monde (EN – Sports)","https://www.lemonde.fr/en/sports/rss_full.xml",lemonde.fr,,NETWORK,"Network-level failure. Re-run on healthy runtime or later schedule.","02/18/2026","02/18/2026"
"France","FR","Le Monde (EN – United States)","https://www.lemonde.fr/en/united-states/rss_full.xml",lemonde.fr,,NETWORK,"Network-level failure. Re-run on healthy runtime or later schedule.","02/18/2026","02/18/2026"
"France","FR","Le Monde diplomatique","https://mondediplo.com/backend",mondediplo.com,,NETWORK,"Network-level failure. Re-run on healthy runtime or later schedule.","02/18/2026","02/18/2026"
"France","FR","Le Point","https://www.lepoint.fr/24h-infos/rss.xml",lepoint.fr,,NETWORK,"Network-level failure. Re-run on healthy runtime or later schedule.","02/18/2026","02/18/2026"
"France","FR","Marianne","https://www.marianne.net/rss.xml",marianne.net,,NETWORK,"Network-level failure. Re-run on healthy runtime or later schedule.","02/18/2026","02/18/2026"
"France","FR","Mediapart","https://www.mediapart.fr/articles/feed",mediapart.fr,,NETWORK,"Network-level failure. Re-run on healthy runtime or later schedule.","02/18/2026","02/18/2026"
"France","FR","Midi Libre","https://www.midilibre.fr/essentiel/rss.xml",midilibre.fr,,NETWORK,"Network-level failure. Re-run on healthy runtime or later schedule.","02/18/2026","02/18/2026"
"France","FR","RFI (All / EN)","https://www.rfi.fr/en/rss",rfi.fr,,NETWORK,"Network-level failure. Re-run on healthy runtime or later schedule.","02/18/2026","02/18/2026"
"France","FR","RFI (France)","https://www.rfi.fr/en/france/rss",rfi.fr,,NETWORK,"Network-level failure. Re-run on healthy runtime or later schedule.","02/18/2026","02/18/2026"
"France","FR","Sud Ouest","https://www.sudouest.fr/essentiel/rss.xml",sudouest.fr,,NETWORK,"Network-level failure. Re-run on healthy runtime or later schedule.","02/18/2026","02/18/2026"
"France","FR","The Local (France)","https://feeds.thelocal.com/rss/fr",feeds.thelocal.com,,NETWORK,"Network-level failure. Re-run on healthy runtime or later schedule.","02/18/2026","02/18/2026"
"France","FR","Yahoo Actualités","https://fr.news.yahoo.com/rss",fr.news.yahoo.com,,NETWORK,"Network-level failure. Re-run on healthy runtime or later schedule.","02/18/2026","02/18/2026"
"Germany","DE","Der Spiegel","https://www.spiegel.de/schlagzeilen/tops/index.rss",spiegel.de,,NETWORK,"Network-level failure. Re-run on healthy runtime or later schedule.","02/18/2026","02/18/2026"
"Germany","DE","Deutsche Welle (EN)","https://rss.dw.com/xml/rss-en-all",rss.dw.com,,NETWORK,"Network-level failure. Re-run on healthy runtime or later schedule.","02/18/2026","02/18/2026"
"Germany","DE","Die Zeit","https://newsfeed.zeit.de/index",newsfeed.zeit.de,,NETWORK,"Network-level failure. Re-run on healthy runtime or later schedule.","02/18/2026","02/18/2026"
"Germany","DE","FAZ","https://www.faz.net/rss/aktuell/",faz.net,,NETWORK,"Network-level failure. Re-run on healthy runtime or later schedule.","02/18/2026","02/18/2026"
"Germany","DE","Handelsblatt - Finance","https://www.handelsblatt.com/contentexport/feed/finanzen",handelsblatt.com,,NETWORK,"Network-level failure. Re-run on healthy runtime or later schedule.","02/18/2026","02/18/2026"
"Germany","DE","Handelsblatt - Top","https://www.handelsblatt.com/contentexport/feed/top-themen",handelsblatt.com,,NETWORK,"Network-level failure. Re-run on healthy runtime or later schedule.","02/18/2026","02/18/2026"
"Germany","DE","Heise Online","https://www.heise.de/rss/heise-atom.xml",heise.de,,NETWORK,"Network-level failure. Re-run on healthy runtime or later schedule.","02/18/2026","02/18/2026"
"Germany","DE","Manager Magazin","https://www.manager-magazin.de/unternehmen/index.rss",manager-magazin.de,,NETWORK,"Network-level failure. Re-run on healthy runtime or later schedule.","02/18/2026","02/18/2026"
"Germany","DE","Tagesschau","https://www.tagesschau.de/xml/rss2",tagesschau.de,,NETWORK,"Network-level failure. Re-run on healthy runtime or later schedule.","02/18/2026","02/18/2026"
"Germany","DE","WirtschaftsWoche","https://www.wiwo.de/contentexport/feed/rss/schlagzeilen",wiwo.de,,NETWORK,"Network-level failure. Re-run on healthy runtime or later schedule.","02/18/2026","02/18/2026"
"Global Energy & Grid","Global","CleanTechnica","https://cleantechnica.com/feed/",cleantechnica.com,,NETWORK,"Network-level failure. Re-run on healthy runtime or later schedule.","02/18/2026","02/18/2026"
"Global Energy & Grid","Global","Energy Intelligence","https://www.energyintel.com/rss",energyintel.com,,NETWORK,"Network-level failure. Re-run on healthy runtime or later schedule.","02/18/2026","02/18/2026"
"Global Energy & Grid","Global","OilPrice","https://oilprice.com/rss/main",oilprice.com,,NETWORK,"Network-level failure. Re-run on healthy runtime or later schedule.","02/18/2026","02/18/2026"
"Global Energy & Grid","Global","Power Engineering","https://www.power-eng.com/feed/",power-eng.com,,NETWORK,"Network-level failure. Re-run on healthy runtime or later schedule.","02/18/2026","02/18/2026"
"Global Energy & Grid","Global","Renewable Energy World","https://www.renewableenergyworld.com/feed/",renewableenergyworld.com,,NETWORK,"Network-level failure. Re-run on healthy runtime or later schedule.","02/18/2026","02/18/2026"
"Global Energy & Grid","Global","Utility Dive","https://www.utilitydive.com/feeds/news/",utilitydive.com,,NETWORK,"Network-level failure. Re-run on healthy runtime or later schedule.","02/18/2026","02/18/2026"
"India","IN","ABP News","https://news.abplive.com/home/feed",news.abplive.com,,NETWORK,"Network-level failure. Re-run on healthy runtime or later schedule.","02/18/2026","02/18/2026"
"India","IN","Amar Ujala (Breaking)","https://www.amarujala.com/rss/breaking-news.xml",amarujala.com,,NETWORK,"Network-level failure. Re-run on healthy runtime or later schedule.","02/18/2026","02/18/2026"
"India","IN","Business Standard (Latest)","https://www.business-standard.com/rss/latest.rss",business-standard.com,,NETWORK,"Network-level failure. Re-run on healthy runtime or later schedule.","02/18/2026","02/18/2026"
"India","IN","Chandigarh City News","https://feeds.feedburner.com/ChandigarhCityNews",feeds.feedburner.com,,NETWORK,"Network-level failure. Re-run on healthy runtime or later schedule.","02/18/2026","02/18/2026"
"India","IN","Chandigarh Metro","https://chandigarhmetro.com/feed",chandigarhmetro.com,,NETWORK,"Network-level failure. Re-run on healthy runtime or later schedule.","02/18/2026","02/18/2026"
"India","IN","Daily Excelsior","https://www.dailyexcelsior.com/feed",dailyexcelsior.com,,NETWORK,"Network-level failure. Re-run on healthy runtime or later schedule.","02/18/2026","02/18/2026"
"India","IN","DNA India (India)","https://www.dnaindia.com/feeds/india.xml",dnaindia.com,,NETWORK,"Network-level failure. Re-run on healthy runtime or later schedule.","02/18/2026","02/18/2026"
"India","IN","Firstpost","https://www.firstpost.com/commonfeeds/v1/mfp/rss/web-stories.xml",firstpost.com,,NETWORK,"Network-level failure. Re-run on healthy runtime or later schedule.","02/18/2026","02/18/2026"
"India","IN","India Today (India)","https://www.indiatoday.in/rss/1206578",indiatoday.in,,NETWORK,"Network-level failure. Re-run on healthy runtime or later schedule.","02/18/2026","02/18/2026"
"India","IN","India's News.Net","https://feeds.indiasnews.net/rss/701ee96610c884a6",feeds.indiasnews.net,,NETWORK,"Network-level failure. Re-run on healthy runtime or later schedule.","02/18/2026","02/18/2026"
"India","IN","IndiaVision","https://www.indiavision.com/feed",indiavision.com,,NETWORK,"Network-level failure. Re-run on healthy runtime or later schedule.","02/18/2026","02/18/2026"
"India","IN","Kashmir News","https://kashmirnews.in/feed",kashmirnews.in,,NETWORK,"Network-level failure. Re-run on healthy runtime or later schedule.","02/18/2026","02/18/2026"
"India","IN","NDTV (Latest)","https://feeds.feedburner.com/NDTV-LatestNews",feeds.feedburner.com,,NETWORK,"Network-level failure. Re-run on healthy runtime or later schedule.","02/18/2026","02/18/2026"
"India","IN","News Today (TN)","https://newstodaynet.com/feed",newstodaynet.com,,NETWORK,"Network-level failure. Re-run on healthy runtime or later schedule.","02/18/2026","02/18/2026"
"India","IN","Northlines","https://thenorthlines.com/feed",thenorthlines.com,,NETWORK,"Network-level failure. Re-run on healthy runtime or later schedule.","02/18/2026","02/18/2026"
"India","IN","Odishabarta","https://odishabarta.com/feed",odishabarta.com,,NETWORK,"Network-level failure. Re-run on healthy runtime or later schedule.","02/18/2026","02/18/2026"
"India","IN","OpIndia","https://www.opindia.com/feed",opindia.com,,NETWORK,"Network-level failure. Re-run on healthy runtime or later schedule.","02/18/2026","02/18/2026"
"India","IN","OrissaPOST","https://www.orissapost.com/feed",orissapost.com,,NETWORK,"Network-level failure. Re-run on healthy runtime or later schedule.","02/18/2026","02/18/2026"
"India","IN","Scroll.in","https://feeds.feedburner.com/ScrollinArticles.rss",feeds.feedburner.com,,NETWORK,"Network-level failure. Re-run on healthy runtime or later schedule.","02/18/2026","02/18/2026"
"India","IN","Star of Mysore","https://starofmysore.com/feed",starofmysore.com,,NETWORK,"Network-level failure. Re-run on healthy runtime or later schedule.","02/18/2026","02/18/2026"
"India","IN","Storify News","https://www.storifynews.com/feed",storifynews.com,,NETWORK,"Network-level failure. Re-run on healthy runtime or later schedule.","02/18/2026","02/18/2026"
"India","IN","TechGenYZ","https://techgenyz.com/feed",techgenyz.com,,NETWORK,"Network-level failure. Re-run on healthy runtime or later schedule.","02/18/2026","02/18/2026"
"India","IN","Telangana Today","https://telanganatoday.com/feed",telanganatoday.com,,NETWORK,"Network-level failure. Re-run on healthy runtime or later schedule.","02/18/2026","02/18/2026"
"India","IN","The Hindu (National)","https://www.thehindu.com/news/national/?service=rss",thehindu.com,,NETWORK,"Network-level failure. Re-run on healthy runtime or later schedule.","02/18/2026","02/18/2026"
"India","IN","The India Bizz","https://theindiabizz.com/feed",theindiabizz.com,,NETWORK,"Network-level failure. Re-run on healthy runtime or later schedule.","02/18/2026","02/18/2026"
"India","IN","The Indian Express","https://indianexpress.com/feed",indianexpress.com,,NETWORK,"Network-level failure. Re-run on healthy runtime or later schedule.","02/18/2026","02/18/2026"
"India","IN","The Quint","https://prod-qt-images.s3.amazonaws.com/production/thequint/feed.xml",prod-qt-images.s3.amazonaws.com,,NETWORK,"Network-level failure. Re-run on healthy runtime or later schedule.","02/18/2026","02/18/2026"
"India","IN","The Times of Bengal","https://thetimesofbengal.com/feed",thetimesofbengal.com,,NETWORK,"Network-level failure. Re-run on healthy runtime or later schedule.","02/18/2026","02/18/2026"
"India","IN","The Times of India (Top Stories)","https://timesofindia.indiatimes.com/rssfeedstopstories.cms",timesofindia.indiatimes.com,,NETWORK,"Network-level failure. Re-run on healthy runtime or later schedule.","02/18/2026","02/18/2026"
"India","IN","WYM News (Blogspot)","https://latestnewsupdate4you.blogspot.com/feeds/posts/default",latestnewsupdate4you.blogspot.com,,NETWORK,"Network-level failure. Re-run on healthy runtime or later schedule.","02/18/2026","02/18/2026"
"Italy","IT","Alto Adige (Cronaca)","https://www.altoadige.it/feed-rss/cronaca-1.169",altoadige.it,,NETWORK,"Network-level failure. Re-run on healthy runtime or later schedule.","02/18/2026","02/18/2026"
"Italy","IT","ANSA (Calcio)","https://www.ansa.it/sito/notizie/sport/calcio/calcio_rss.xml",ansa.it,,NETWORK,"Network-level failure. Re-run on healthy runtime or later schedule.","02/18/2026","02/18/2026"
"Italy","IT","ANSA (Cinema)","https://www.ansa.it/sito/notizie/cultura/cinema/cinema_rss.xml",ansa.it,,NETWORK,"Network-level failure. Re-run on healthy runtime or later schedule.","02/18/2026","02/18/2026"
"Italy","IT","ANSA (Cronaca)","https://www.ansa.it/sito/notizie/cronaca/cronaca_rss.xml",ansa.it,,NETWORK,"Network-level failure. Re-run on healthy runtime or later schedule.","02/18/2026","02/18/2026"
"Italy","IT","ANSA (Cultura e Tendenze)","https://www.ansa.it/sito/notizie/cultura/cultura_rss.xml",ansa.it,,NETWORK,"Network-level failure. Re-run on healthy runtime or later schedule.","02/18/2026","02/18/2026"
"Italy","IT","ANSA (Economia)","https://www.ansa.it/sito/notizie/economia/economia_rss.xml",ansa.it,,NETWORK,"Network-level failure. Re-run on healthy runtime or later schedule.","02/18/2026","02/18/2026"
"Italy","IT","ANSA (Foto)","https://www.ansa.it/sito/photogallery/foto_rss.xml",ansa.it,,NETWORK,"Network-level failure. Re-run on healthy runtime or later schedule.","02/18/2026","02/18/2026"
"Italy","IT","ANSA (Main)","https://www.ansa.it/sito/ansait_rss.xml",ansa.it,,NETWORK,"Network-level failure. Re-run on healthy runtime or later schedule.","02/18/2026","02/18/2026"
"Italy","IT","ANSA (Mondo)","https://www.ansa.it/sito/notizie/mondo/mondo_rss.xml",ansa.it,,NETWORK,"Network-level failure. Re-run on healthy runtime or later schedule.","02/18/2026","02/18/2026"
"Italy","IT","ANSA (Politica)","https://www.ansa.it/sito/notizie/politica/politica_rss.xml",ansa.it,,NETWORK,"Network-level failure. Re-run on healthy runtime or later schedule.","02/18/2026","02/18/2026"
"Italy","IT","ANSA (Sport)","https://www.ansa.it/sito/notizie/sport/sport_rss.xml",ansa.it,,NETWORK,"Network-level failure. Re-run on healthy runtime or later schedule.","02/18/2026","02/18/2026"
"Italy","IT","ANSA (Top News)","https://www.ansa.it/sito/notizie/topnews/topnews_rss.xml",ansa.it,,NETWORK,"Network-level failure. Re-run on healthy runtime or later schedule.","02/18/2026","02/18/2026"
"Italy","IT","ANSA (Video)","https://www.ansa.it/sito/videogallery/video_rss.xml",ansa.it,,NETWORK,"Network-level failure. Re-run on healthy runtime or later schedule.","02/18/2026","02/18/2026"
"Italy","IT","Corriere della Sera (feed-hp Homepage)","https://www.corriere.it/feed-hp/homepage.xml",corriere.it,,NETWORK,"Network-level failure. Re-run on healthy runtime or later schedule.","02/18/2026","02/18/2026"
"Italy","IT","Corriere della Sera (Homepage)","https://www.corriere.it/rss/homepage.xml",corriere.it,,NETWORK,"Network-level failure. Re-run on healthy runtime or later schedule.","02/18/2026","02/18/2026"
"Italy","IT","Corriere della Sera (Ultimora)","https://www.corriere.it/rss/ultimora.xml",corriere.it,,NETWORK,"Network-level failure. Re-run on healthy runtime or later schedule.","02/18/2026","02/18/2026"
"Italy","IT","Florence Daily News","https://florencedailynews.com/feed",florencedailynews.com,,NETWORK,"Network-level failure. Re-run on healthy runtime or later schedule.","02/18/2026","02/18/2026"
"Italy","IT","Il Fatto Quotidiano","https://www.ilfattoquotidiano.it/feed/",ilfattoquotidiano.it,,NETWORK,"Network-level failure. Re-run on healthy runtime or later schedule.","02/18/2026","02/18/2026"
"Italy","IT","Il Sole 24 Ore (Italia)","https://www.ilsole24ore.com/rss/italia.xml",ilsole24ore.com,,NETWORK,"Network-level failure. Re-run on healthy runtime or later schedule.","02/18/2026","02/18/2026"
"Italy","IT","IL Tempo","https://www.iltempo.it/rss.xml",iltempo.it,,NETWORK,"Network-level failure. Re-run on healthy runtime or later schedule.","02/18/2026","02/18/2026"
"Italy","IT","Italia a Tavola","https://rss.italiaatavola.net/feed.xml",rss.italiaatavola.net,,NETWORK,"Network-level failure. Re-run on healthy runtime or later schedule.","02/18/2026","02/18/2026"
"Italy","IT","la Città di Salerno","https://www.lacittadisalerno.it/feed",lacittadisalerno.it,,NETWORK,"Network-level failure. Re-run on healthy runtime or later schedule.","02/18/2026","02/18/2026"
"Italy","IT","La Gazzetta dello Sport","https://www.gazzetta.it/rss/home.xml",gazzetta.it,,NETWORK,"Network-level failure. Re-run on healthy runtime or later schedule.","02/18/2026","02/18/2026"
"Italy","IT","la Repubblica","https://www.repubblica.it/rss/homepage/rss2.0.xml",repubblica.it,,NETWORK,"Network-level failure. Re-run on healthy runtime or later schedule.","02/18/2026","02/18/2026"
"Italy","IT","La Stampa","https://www.lastampa.it/rss/copertina.xml",lastampa.it,,NETWORK,"Network-level failure. Re-run on healthy runtime or later schedule.","02/18/2026","02/18/2026"
"Italy","IT","Libero Quotidiano","https://www.liberoquotidiano.it/rss.xml",liberoquotidiano.it,,NETWORK,"Network-level failure. Re-run on healthy runtime or later schedule.","02/18/2026","02/18/2026"
"Italy","IT","MilanoToday","https://www.milanotoday.it/rss",milanotoday.it,,NETWORK,"Network-level failure. Re-run on healthy runtime or later schedule.","02/18/2026","02/18/2026"
"Italy","IT","Notizie Geopolitiche","https://www.notiziegeopolitiche.net/feed",notiziegeopolitiche.net,,NETWORK,"Network-level failure. Re-run on healthy runtime or later schedule.","02/18/2026","02/18/2026"
"Italy","IT","The Florentine","https://www.theflorentine.net/feed",theflorentine.net,,NETWORK,"Network-level failure. Re-run on healthy runtime or later schedule.","02/18/2026","02/18/2026"
"Italy","IT","Wanted in Rome","https://www.wantedinrome.com/news?format=rss",wantedinrome.com,,NETWORK,"Network-level failure. Re-run on healthy runtime or later schedule.","02/18/2026","02/18/2026"
"Japan","JP","Asahi Shimbun","https://www.asahi.com/rss/asahi/newsheadlines.rdf",asahi.com,,NETWORK,"Network-level failure. Re-run on healthy runtime or later schedule.","02/18/2026","02/18/2026"
"Japan","JP","Automotive Ten-Navi","https://automotive.ten-navi.com/rss/",automotive.ten-navi.com,,NETWORK,"Network-level failure. Re-run on healthy runtime or later schedule.","02/18/2026","02/18/2026"
"Japan","JP","Bloomberg Japan","https://www.bloomberg.co.jp/feed/",bloomberg.co.jp,,NETWORK,"Network-level failure. Re-run on healthy runtime or later schedule.","02/18/2026","02/18/2026"
"Japan","JP","Denki Shimbun","https://denkishimbun.com/feed/",denkishimbun.com,,NETWORK,"Network-level failure. Re-run on healthy runtime or later schedule.","02/18/2026","02/18/2026"
"Japan","JP","DIAMOND","https://diamond.jp/feed/",diamond.jp,,NETWORK,"Network-level failure. Re-run on healthy runtime or later schedule.","02/18/2026","02/18/2026"
"Japan","JP","DIAMOND (President)","https://president.jp/feed/",president.jp,,NETWORK,"Network-level failure. Re-run on healthy runtime or later schedule.","02/18/2026","02/18/2026"
"Japan","JP","ITmedia (EEtimes)","https://eetimes.itmedia.co.jp/rss/",eetimes.itmedia.co.jp,,NETWORK,"Network-level failure. Re-run on healthy runtime or later schedule.","02/18/2026","02/18/2026"
"Japan","JP","Japan Macro Advisors","https://japanmacroadvisors.com/",japanmacroadvisors.com,,NETWORK,"Network-level failure. Re-run on healthy runtime or later schedule.","02/18/2026","02/18/2026"
"Japan","JP","Kabutan","https://kabutan.jp/rss.xml",kabutan.jp,,NETWORK,"Network-level failure. Re-run on healthy runtime or later schedule.","02/18/2026","02/18/2026"
"Japan","JP","Mainichi (Biz)","https://mainichi.jp/rss/etc/biz-k-b.rss",mainichi.jp,,NETWORK,"Network-level failure. Re-run on healthy runtime or later schedule.","02/18/2026","02/18/2026"
"Japan","JP","NHK World (EN)","https://www3.nhk.or.jp/rss/news/cat0.xml",www3.nhk.or.jp,,NETWORK,"Network-level failure. Re-run on healthy runtime or later schedule.","02/18/2026","02/18/2026"
"Japan","JP","Nikkei","https://www.nikkei.com/rss/",nikkei.com,,NETWORK,"Network-level failure. Re-run on healthy runtime or later schedule.","02/18/2026","02/18/2026"
"Japan","JP","Nippon","https://www.nippon.com/en/",nippon.com,,NETWORK,"Network-level failure. Re-run on healthy runtime or later schedule.","02/18/2026","02/18/2026"
"Japan","JP","Reuters Japan","https://www.reuters.com/world/asia-pacific/",reuters.com,,NETWORK,"Network-level failure. Re-run on healthy runtime or later schedule.","02/18/2026","02/18/2026"
"Japan","JP","Sangyo Times","https://sangyo-times.jp/rss/",sangyo-times.jp,,NETWORK,"Network-level failure. Re-run on healthy runtime or later schedule.","02/18/2026","02/18/2026"
"Japan","JP","TechCrunch Japan","https://jp.techcrunch.com/feed/",jp.techcrunch.com,,NETWORK,"Network-level failure. Re-run on healthy runtime or later schedule.","02/18/2026","02/18/2026"
"Japan","JP","The Bridge","https://thebridge.jp/feed/",thebridge.jp,,NETWORK,"Network-level failure. Re-run on healthy runtime or later schedule.","02/18/2026","02/18/2026"
"Japan","JP","The Japan Times","https://www.japantimes.co.jp/feed/",japantimes.co.jp,,NETWORK,"Network-level failure. Re-run on healthy runtime or later schedule.","02/18/2026","02/18/2026"
"Japan","JP","Toyo Keizai","https://toyokeizai.net/feed/",toyokeizai.net,,NETWORK,"Network-level failure. Re-run on healthy runtime or later schedule.","02/18/2026","02/18/2026"
"Japan","JP","Yomiuri Shimbun","https://www.yomiuri.co.jp/rss/",yomiuri.co.jp,,NETWORK,"Network-level failure. Re-run on healthy runtime or later schedule.","02/18/2026","02/18/2026"
"Mexico","MX","Aristegui Noticias","https://aristeguinoticias.com/feed/",aristeguinoticias.com,,NETWORK,"Network-level failure. Re-run on healthy runtime or later schedule.","02/18/2026","02/18/2026"
"Mexico","MX","El Economista (Empresas)","https://www.eleconomista.com.mx/rss/empresas",eleconomista.com.mx,,NETWORK,"Network-level failure. Re-run on healthy runtime or later schedule.","02/18/2026","02/18/2026"
"Mexico","MX","El Economista (Top)","https://www.eleconomista.com.mx/rss/top-noticias",eleconomista.com.mx,,NETWORK,"Network-level failure. Re-run on healthy runtime or later schedule.","02/18/2026","02/18/2026"
"Mexico","MX","El Universal","https://www.eluniversal.com.mx/rss.xml",eluniversal.com.mx,,NETWORK,"Network-level failure. Re-run on healthy runtime or later schedule.","02/18/2026","02/18/2026"
"Mexico","MX","Excelsior","https://www.excelsior.com.mx/rss.xml",excelsior.com.mx,,NETWORK,"Network-level failure. Re-run on healthy runtime or later schedule.","02/18/2026","02/18/2026"
"Mexico","MX","Expansion (Biz)","https://expansion.mx/rss",expansion.mx,,NETWORK,"Network-level failure. Re-run on healthy runtime or later schedule.","02/18/2026","02/18/2026"
"Mexico","MX","Milenio","https://www.milenio.com/rss",milenio.com,,NETWORK,"Network-level failure. Re-run on healthy runtime or later schedule.","02/18/2026","02/18/2026"
"Mexico","MX","Proceso (Investigative)","https://www.proceso.com.mx/rss/feed.html",proceso.com.mx,,NETWORK,"Network-level failure. Re-run on healthy runtime or later schedule.","02/18/2026","02/18/2026"
"Mexico","MX","Reforma","https://www.reforma.com/rss",reforma.com,,NETWORK,"Network-level failure. Re-run on healthy runtime or later schedule.","02/18/2026","02/18/2026"
"Russia","RU","Kommersant","https://kommersant.ru/feed",kommersant.ru,,NETWORK,"Network-level failure. Re-run on healthy runtime or later schedule.","02/18/2026","02/18/2026"
"Russia","RU","Meduza","https://meduza.io/feed",meduza.io,,NETWORK,"Network-level failure. Re-run on healthy runtime or later schedule.","02/18/2026","02/18/2026"
"Russia","RU","Neftgaz","https://neftegaz.ru/feed",neftegaz.ru,,NETWORK,"Network-level failure. Re-run on healthy runtime or later schedule.","02/18/2026","02/18/2026"
"Russia","RU","Novaya Gazeta","https://novayagazeta.eu/feed",novayagazeta.eu,,NETWORK,"Network-level failure. Re-run on healthy runtime or later schedule.","02/18/2026","02/18/2026"
"Russia","RU","Oil Capital","https://oilcapital.ru/feed",oilcapital.ru,,NETWORK,"Network-level failure. Re-run on healthy runtime or later schedule.","02/18/2026","02/18/2026"
"Russia","RU","RG.ru","https://rg.ru/feed",rg.ru,,NETWORK,"Network-level failure. Re-run on healthy runtime or later schedule.","02/18/2026","02/18/2026"
"Russia","RU","RIA","https://ria.ru/feed",ria.ru,,NETWORK,"Network-level failure. Re-run on healthy runtime or later schedule.","02/18/2026","02/18/2026"
"Russia","RU","RT","https://rt.com/feed",rt.com,,NETWORK,"Network-level failure. Re-run on healthy runtime or later schedule.","02/18/2026","02/18/2026"
"Russia","RU","TASS","https://tass.com/feed",tass.com,,NETWORK,"Network-level failure. Re-run on healthy runtime or later schedule.","02/18/2026","02/18/2026"
"Russia","RU","The Bell","https://thebell.io/feed",thebell.io,,NETWORK,"Network-level failure. Re-run on healthy runtime or later schedule.","02/18/2026","02/18/2026"
"Russia","RU","The Moscow Times","https://themoscowtimes.com/feed",themoscowtimes.com,,NETWORK,"Network-level failure. Re-run on healthy runtime or later schedule.","02/18/2026","02/18/2026"
"Russia","RU","Vedomosti","https://vedomosti.ru/feed",vedomosti.ru,,NETWORK,"Network-level failure. Re-run on healthy runtime or later schedule.","02/18/2026","02/18/2026"
"South Korea","KR","Aju News","https://rss.ajunews.com/sokbo.xml",rss.ajunews.com,,NETWORK,"Network-level failure. Re-run on healthy runtime or later schedule.","02/18/2026","02/18/2026"
"South Korea","KR","Daily NK (EN)","https://www.dailynk.com/english/feed",dailynk.com,,NETWORK,"Network-level failure. Re-run on healthy runtime or later schedule.","02/18/2026","02/18/2026"
"South Korea","KR","Donga Ilbo","https://rss.donga.com/total.xml",rss.donga.com,,NETWORK,"Network-level failure. Re-run on healthy runtime or later schedule.","02/18/2026","02/18/2026"
"South Korea","KR","KBS World Radio (RSS directory)","https://world.kbs.co.kr/service/about_rss.htm?lang=e",world.kbs.co.kr,,NETWORK,"Network-level failure. Re-run on healthy runtime or later schedule.","02/18/2026","02/18/2026"
"South Korea","KR","KED Global (Korea Economic Daily)","https://www.kedglobal.com/newsRss",kedglobal.com,,NETWORK,"Network-level failure. Re-run on healthy runtime or later schedule.","02/18/2026","02/18/2026"
"South Korea","KR","Korea Herald (NewsAll)","https://www.koreaherald.com/rss/newsAll",koreaherald.com,,NETWORK,"Network-level failure. Re-run on healthy runtime or later schedule.","02/18/2026","02/18/2026"
"South Korea","KR","Korea Herald (RSS directory)","https://www.koreaherald.com/rss",koreaherald.com,,NETWORK,"Network-level failure. Re-run on healthy runtime or later schedule.","02/18/2026","02/18/2026"
"South Korea","KR","Korea Times (RSS directory)","https://www.koreatimes.co.kr/rss",koreatimes.co.kr,,NETWORK,"Network-level failure. Re-run on healthy runtime or later schedule.","02/18/2026","02/18/2026"
"South Korea","KR","Newsis","https://www.newsis.com/RSS/sokbo.xml",newsis.com,,NETWORK,"Network-level failure. Re-run on healthy runtime or later schedule.","02/18/2026","02/18/2026"
"South Korea","KR","Seoul Newspaper","https://www.seoul.co.kr/xml/rss/rss_top.xml",seoul.co.kr,,NETWORK,"Network-level failure. Re-run on healthy runtime or later schedule.","02/18/2026","02/18/2026"
"South Korea","KR","Yonhap (EN)","https://en.yna.co.kr/RSS/news.xml",en.yna.co.kr,,NETWORK,"Network-level failure. Re-run on healthy runtime or later schedule.","02/18/2026","02/18/2026"
"Spain","ES","Cinco Días (Economy)","https://cincodias.elpais.com/arc/outboundfeeds/rss/?outputType=xml",cincodias.elpais.com,,NETWORK,"Network-level failure. Re-run on healthy runtime or later schedule.","02/18/2026","02/18/2026"
"Spain","ES","El Mundo - Economy","https://e00-elmundo.uecdn.es/elmundo/rss/economia.xml",e00-elmundo.uecdn.es,,NETWORK,"Network-level failure. Re-run on healthy runtime or later schedule.","02/18/2026","02/18/2026"
"Spain","ES","El País - Economy","https://feeds.elpais.com/mrss-s/pages/ep/site/elpais.com/section/economia/portada",feeds.elpais.com,,NETWORK,"Network-level failure. Re-run on healthy runtime or later schedule.","02/18/2026","02/18/2026"
"Spain","ES","Expansión (Financial)","https://e00-expansion.uecdn.es/rss/empresas.xml",e00-expansion.uecdn.es,,NETWORK,"Network-level failure. Re-run on healthy runtime or later schedule.","02/18/2026","02/18/2026"
"Spain","ES","RTVE - Economy","https://www.rtve.es/api/noticias/economia/rss",rtve.es,,NETWORK,"Network-level failure. Re-run on healthy runtime or later schedule.","02/18/2026","02/18/2026"
"Taiwan","TW","CNA (Central News Agency)","https://feeds.feedburner.com/cnaFirstNews",feeds.feedburner.com,,NETWORK,"Network-level failure. Re-run on healthy runtime or later schedule.","02/18/2026","02/18/2026"
"Taiwan","TW","Focus Taiwan (Economics - EN)","https://focustaiwan.tw/rss/economics",focustaiwan.tw,,NETWORK,"Network-level failure. Re-run on healthy runtime or later schedule.","02/18/2026","02/18/2026"
"Taiwan","TW","Focus Taiwan (Sci-Tech - EN)","https://focustaiwan.tw/rss/science-technology",focustaiwan.tw,,NETWORK,"Network-level failure. Re-run on healthy runtime or later schedule.","02/18/2026","02/18/2026"
"Taiwan","TW","Liberty Times - Business","https://news.ltn.com.tw/rss/business.xml",news.ltn.com.tw,,NETWORK,"Network-level failure. Re-run on healthy runtime or later schedule.","02/18/2026","02/18/2026"
"Taiwan","TW","Taipei Times - Business","https://www.taipeitimes.com/xml/biz.rss",taipeitimes.com,,NETWORK,"Network-level failure. Re-run on healthy runtime or later schedule.","02/18/2026","02/18/2026"
"Taiwan","TW","TechNews Taiwan","https://technews.tw/feed/",technews.tw,,NETWORK,"Network-level failure. Re-run on healthy runtime or later schedule.","02/18/2026","02/18/2026"
"United Kingdom","GB","BBC News - Business","https://feeds.bbci.co.uk/news/business/rss.xml",feeds.bbci.co.uk,,NETWORK,"Network-level failure. Re-run on healthy runtime or later schedule.","02/18/2026","02/18/2026"
"United Kingdom","GB","BBC News - World","https://feeds.bbci.co.uk/news/world/rss.xml",feeds.bbci.co.uk,,NETWORK,"Network-level failure. Re-run on healthy runtime or later schedule.","02/18/2026","02/18/2026"
"United Kingdom","GB","City A.M. (London Finance)","https://www.cityam.com/feed/",cityam.com,,NETWORK,"Network-level failure. Re-run on healthy runtime or later schedule.","02/18/2026","02/18/2026"
"United Kingdom","GB","Energy Voice (North Sea Oil)","https://www.energyvoice.com/feed/",energyvoice.com,,NETWORK,"Network-level failure. Re-run on healthy runtime or later schedule.","02/18/2026","02/18/2026"
"United Kingdom","GB","Financial Times - Energy","https://www.ft.com/rss/companies/energy",ft.com,,NETWORK,"Network-level failure. Re-run on healthy runtime or later schedule.","02/18/2026","02/18/2026"
"United Kingdom","GB","Financial Times - World","https://www.ft.com/rss/world",ft.com,,NETWORK,"Network-level failure. Re-run on healthy runtime or later schedule.","02/18/2026","02/18/2026"
"United Kingdom","GB","Reuters UK (legacy)","https://www.reutersagency.com/feed/?best-topics=business-finance&post_type=best",reutersagency.com,,NETWORK,"Network-level failure. Re-run on healthy runtime or later schedule.","02/18/2026","02/18/2026"
"United Kingdom","GB","Sky News - Business","https://feeds.skynews.com/feeds/rss/business.xml",feeds.skynews.com,,NETWORK,"Network-level failure. Re-run on healthy runtime or later schedule.","02/18/2026","02/18/2026"
"United Kingdom","GB","Sky News - World","https://feeds.skynews.com/feeds/rss/world.xml",feeds.skynews.com,,NETWORK,"Network-level failure. Re-run on healthy runtime or later schedule.","02/18/2026","02/18/2026"
"United Kingdom","GB","Telegraph - Business","https://www.telegraph.co.uk/business/rss.xml",telegraph.co.uk,,NETWORK,"Network-level failure. Re-run on healthy runtime or later schedule.","02/18/2026","02/18/2026"
"United Kingdom","GB","The Guardian - Business","https://www.theguardian.com/business/rss",theguardian.com,,NETWORK,"Network-level failure. Re-run on healthy runtime or later schedule.","02/18/2026","02/18/2026"
"United Kingdom","GB","The Guardian - World","https://www.theguardian.com/world/rss",theguardian.com,,NETWORK,"Network-level failure. Re-run on healthy runtime or later schedule.","02/18/2026","02/18/2026"
"United States","US","ABC News","https://abcnews.go.com/abcnews/topstories",abcnews.go.com,,NETWORK,"Network-level failure. Re-run on healthy runtime or later schedule.","02/18/2026","02/18/2026"
"United States","US","AP News","https://apnews.com/feed",apnews.com,,NETWORK,"Network-level failure. Re-run on healthy runtime or later schedule.","02/18/2026","02/18/2026"
"United States","US","Ars Technica","http://feeds.arstechnica.com/arstechnica/index",feeds.arstechnica.com,,NETWORK,"Network-level failure. Re-run on healthy runtime or later schedule.","02/18/2026","02/18/2026"
"United States","US","Atlanta Journal-Constitution","https://ajc.com/feed",ajc.com,,NETWORK,"Network-level failure. Re-run on healthy runtime or later schedule.","02/18/2026","02/18/2026"
"United States","US","Austin American-Statesman","https://statesman.com/feed",statesman.com,,NETWORK,"Network-level failure. Re-run on healthy runtime or later schedule.","02/18/2026","02/18/2026"
"United States","US","Axios","https://api.axios.com/feed/",api.axios.com,,NETWORK,"Network-level failure. Re-run on healthy runtime or later schedule.","02/18/2026","02/18/2026"
"United States","US","Barrons","https://feeds.barrons.com/rss/TGW",feeds.barrons.com,,NETWORK,"Network-level failure. Re-run on healthy runtime or later schedule.","02/18/2026","02/18/2026"
"United States","US","Billboard","https://billboard.com/feed",billboard.com,,NETWORK,"Network-level failure. Re-run on healthy runtime or later schedule.","02/18/2026","02/18/2026"
"United States","US","Bleacher Report","https://bleacherreport.com/feed",bleacherreport.com,,NETWORK,"Network-level failure. Re-run on healthy runtime or later schedule.","02/18/2026","02/18/2026"
"United States","US","Bloomberg","https://bloomberg.com/feed",bloomberg.com,,NETWORK,"Network-level failure. Re-run on healthy runtime or later schedule.","02/18/2026","02/18/2026"
"United States","US","Boston Globe","https://bostonglobe.com/feed",bostonglobe.com,,NETWORK,"Network-level failure. Re-run on healthy runtime or later schedule.","02/18/2026","02/18/2026"
"United States","US","Breitbart","http://feeds.feedburner.com/breitbart",feeds.feedburner.com,,NETWORK,"Network-level failure. Re-run on healthy runtime or later schedule.","02/18/2026","02/18/2026"
"United States","US","Business Insider","https://www.businessinsider.com/rss",businessinsider.com,,NETWORK,"Network-level failure. Re-run on healthy runtime or later schedule.","02/18/2026","02/18/2026"
"United States","US","BuzzFeed News","https://www.buzzfeednews.com/news.xml",buzzfeednews.com,,NETWORK,"Network-level failure. Re-run on healthy runtime or later schedule.","02/18/2026","02/18/2026"
"United States","US","CBS News","https://www.cbsnews.com/latest/rss/main",cbsnews.com,,NETWORK,"Network-level failure. Re-run on healthy runtime or later schedule.","02/18/2026","02/18/2026"
"United States","US","CBS Sports","https://cbssports.com/feed",cbssports.com,,NETWORK,"Network-level failure. Re-run on healthy runtime or later schedule.","02/18/2026","02/18/2026"
"United States","US","Chicago Tribune","https://chicagotribune.com/feed",chicagotribune.com,,NETWORK,"Network-level failure. Re-run on healthy runtime or later schedule.","02/18/2026","02/18/2026"
"United States","US","Christian Science Monitor","https://csmonitor.com/feed",csmonitor.com,,NETWORK,"Network-level failure. Re-run on healthy runtime or later schedule.","02/18/2026","02/18/2026"
"United States","US","Cleveland Plain Dealer","https://cleveland.com/feed",cleveland.com,,NETWORK,"Network-level failure. Re-run on healthy runtime or later schedule.","02/18/2026","02/18/2026"
"United States","US","CNBC","https://www.cnbc.com/id/100003114/device/rss/rss.html",cnbc.com,,NETWORK,"Network-level failure. Re-run on healthy runtime or later schedule.","02/18/2026","02/18/2026"
"United States","US","CNET","https://www.cnet.com/rss/news/",cnet.com,,NETWORK,"Network-level failure. Re-run on healthy runtime or later schedule.","02/18/2026","02/18/2026"
"United States","US","CNN","http://rss.cnn.com/rss/cnn_topstories.rss",rss.cnn.com,,NETWORK,"Network-level failure. Re-run on healthy runtime or later schedule.","02/18/2026","02/18/2026"
"United States","US","Complex","https://complex.com/feed",complex.com,,NETWORK,"Network-level failure. Re-run on healthy runtime or later schedule.","02/18/2026","02/18/2026"
"United States","US","Dallas Morning News","https://dallasnews.com/feed",dallasnews.com,,NETWORK,"Network-level failure. Re-run on healthy runtime or later schedule.","02/18/2026","02/18/2026"
"United States","US","Deadline","https://deadline.com/feed",deadline.com,,NETWORK,"Network-level failure. Re-run on healthy runtime or later schedule.","02/18/2026","02/18/2026"
"United States","US","Denver Post","https://denverpost.com/feed",denverpost.com,,NETWORK,"Network-level failure. Re-run on healthy runtime or later schedule.","02/18/2026","02/18/2026"
"United States","US","Detroit Free Press","https://freep.com/feed",freep.com,,NETWORK,"Network-level failure. Re-run on healthy runtime or later schedule.","02/18/2026","02/18/2026"
"United States","US","Engadget","https://www.engadget.com/rss.xml",engadget.com,,NETWORK,"Network-level failure. Re-run on healthy runtime or later schedule.","02/18/2026","02/18/2026"
"United States","US","ESPN","https://espn.com/feed",espn.com,,NETWORK,"Network-level failure. Re-run on healthy runtime or later schedule.","02/18/2026","02/18/2026"
"United States","US","Esquire","https://esquire.com/feed",esquire.com,,NETWORK,"Network-level failure. Re-run on healthy runtime or later schedule.","02/18/2026","02/18/2026"
"United States","US","Fast Company","https://www.fastcompany.com/rss",fastcompany.com,,NETWORK,"Network-level failure. Re-run on healthy runtime or later schedule.","02/18/2026","02/18/2026"
"United States","US","Financial Times","https://www.ft.com/?format=rss",ft.com,,NETWORK,"Network-level failure. Re-run on healthy runtime or later schedule.","02/18/2026","02/18/2026"
"United States","US","Forbes","https://www.forbes.com/most-popular/feed/",forbes.com,,NETWORK,"Network-level failure. Re-run on healthy runtime or later schedule.","02/18/2026","02/18/2026"
"United States","US","Fortune","https://fortune.com/feed",fortune.com,,NETWORK,"Network-level failure. Re-run on healthy runtime or later schedule.","02/18/2026","02/18/2026"
"United States","US","Fox News","http://moxie.foxnews.com/google-publisher/latest.xml",moxie.foxnews.com,,NETWORK,"Network-level failure. Re-run on healthy runtime or later schedule.","02/18/2026","02/18/2026"
"United States","US","Gizmodo","https://gizmodo.com/rss",gizmodo.com,,NETWORK,"Network-level failure. Re-run on healthy runtime or later schedule.","02/18/2026","02/18/2026"
"United States","US","GQ","https://gq.com/feed",gq.com,,NETWORK,"Network-level failure. Re-run on healthy runtime or later schedule.","02/18/2026","02/18/2026"
"United States","US","Honolulu Star-Advertiser","https://staradvertiser.com/feed",staradvertiser.com,,NETWORK,"Network-level failure. Re-run on healthy runtime or later schedule.","02/18/2026","02/18/2026"
"United States","US","Houston Chronicle","https://houstonchronicle.com/feed",houstonchronicle.com,,NETWORK,"Network-level failure. Re-run on healthy runtime or later schedule.","02/18/2026","02/18/2026"
"United States","US","HuffPost","https://www.huffpost.com/section/front-page/feed",huffpost.com,,NETWORK,"Network-level failure. Re-run on healthy runtime or later schedule.","02/18/2026","02/18/2026"
"United States","US","Inc Magazine","https://www.inc.com/rss.xml",inc.com,,NETWORK,"Network-level failure. Re-run on healthy runtime or later schedule.","02/18/2026","02/18/2026"
"United States","US","Jacobin","https://jacobin.com/feed",jacobin.com,,NETWORK,"Network-level failure. Re-run on healthy runtime or later schedule.","02/18/2026","02/18/2026"
"United States","US","LA Times","https://www.latimes.com/local/rss2.0.xml",latimes.com,,NETWORK,"Network-level failure. Re-run on healthy runtime or later schedule.","02/18/2026","02/18/2026"
"United States","US","Las Vegas Review-Journal","https://reviewjournal.com/feed",reviewjournal.com,,NETWORK,"Network-level failure. Re-run on healthy runtime or later schedule.","02/18/2026","02/18/2026"
"United States","US","MarketWatch","http://feeds.marketwatch.com/marketwatch/topstories/",feeds.marketwatch.com,,NETWORK,"Network-level failure. Re-run on healthy runtime or later schedule.","02/18/2026","02/18/2026"
"United States","US","Mashable","https://mashable.com/feed",mashable.com,,NETWORK,"Network-level failure. Re-run on healthy runtime or later schedule.","02/18/2026","02/18/2026"
"United States","US","Miami Herald","https://miamiherald.com/feed",miamiherald.com,,NETWORK,"Network-level failure. Re-run on healthy runtime or later schedule.","02/18/2026","02/18/2026"
"United States","US","Mother Jones","https://motherjones.com/feed",motherjones.com,,NETWORK,"Network-level failure. Re-run on healthy runtime or later schedule.","02/18/2026","02/18/2026"
"United States","US","National Geographic","https://nationalgeographic.com/feed",nationalgeographic.com,,NETWORK,"Network-level failure. Re-run on healthy runtime or later schedule.","02/18/2026","02/18/2026"
"United States","US","National Review","https://www.nationalreview.com/feed/",nationalreview.com,,NETWORK,"Network-level failure. Re-run on healthy runtime or later schedule.","02/18/2026","02/18/2026"
"United States","US","NBC News","http://feeds.nbcnews.com/nbcnews/public/news",feeds.nbcnews.com,,NETWORK,"Network-level failure. Re-run on healthy runtime or later schedule.","02/18/2026","02/18/2026"
"United States","US","New York Post","https://nypost.com/feed",nypost.com,,NETWORK,"Network-level failure. Re-run on healthy runtime or later schedule.","02/18/2026","02/18/2026"
"United States","US","Newsweek","https://newsweek.com/feed",newsweek.com,,NETWORK,"Network-level failure. Re-run on healthy runtime or later schedule.","02/18/2026","02/18/2026"
"United States","US","NPR","https://feeds.npr.org/1001/rss.xml",feeds.npr.org,,NETWORK,"Network-level failure. Re-run on healthy runtime or later schedule.","02/18/2026","02/18/2026"
"United States","US","PBS NewsHour","https://pbs.org/feed",pbs.org,,NETWORK,"Network-level failure. Re-run on healthy runtime or later schedule.","02/18/2026","02/18/2026"
"United States","US","People","https://people.com/feed",people.com,,NETWORK,"Network-level failure. Re-run on healthy runtime or later schedule.","02/18/2026","02/18/2026"
"United States","US","Philadelphia Inquirer","https://inquirer.com/feed",inquirer.com,,NETWORK,"Network-level failure. Re-run on healthy runtime or later schedule.","02/18/2026","02/18/2026"
"United States","US","Politico","https://www.politico.com/rss/politicopicks.xml",politico.com,,NETWORK,"Network-level failure. Re-run on healthy runtime or later schedule.","02/18/2026","02/18/2026"
"United States","US","ProPublica","https://propublica.org/feed",propublica.org,,NETWORK,"Network-level failure. Re-run on healthy runtime or later schedule.","02/18/2026","02/18/2026"
"United States","US","Quartz","https://qz.com/feed",qz.com,,NETWORK,"Network-level failure. Re-run on healthy runtime or later schedule.","02/18/2026","02/18/2026"
"United States","US","Reason","https://reason.com/feed",reason.com,,NETWORK,"Network-level failure. Re-run on healthy runtime or later schedule.","02/18/2026","02/18/2026"
"United States","US","Refinery29","https://refinery29.com/feed",refinery29.com,,NETWORK,"Network-level failure. Re-run on healthy runtime or later schedule.","02/18/2026","02/18/2026"
"United States","US","Reuters","https://reuters.com/feed",reuters.com,,NETWORK,"Network-level failure. Re-run on healthy runtime or later schedule.","02/18/2026","02/18/2026"
"United States","US","Rolling Stone","https://rollingstone.com/feed",rollingstone.com,,NETWORK,"Network-level failure. Re-run on healthy runtime or later schedule.","02/18/2026","02/18/2026"
"United States","US","San Diego Union-Tribune","https://sandiegouniontribune.com/feed",sandiegouniontribune.com,,NETWORK,"Network-level failure. Re-run on healthy runtime or later schedule.","02/18/2026","02/18/2026"
"United States","US","San Francisco Chronicle","https://sfchronicle.com/feed",sfchronicle.com,,NETWORK,"Network-level failure. Re-run on healthy runtime or later schedule.","02/18/2026","02/18/2026"
"United States","US","San Jose Mercury News","https://mercurynews.com/feed",mercurynews.com,,NETWORK,"Network-level failure. Re-run on healthy runtime or later schedule.","02/18/2026","02/18/2026"
"United States","US","Scientific American","https://scientificamerican.com/feed",scientificamerican.com,,NETWORK,"Network-level failure. Re-run on healthy runtime or later schedule.","02/18/2026","02/18/2026"
"United States","US","Scripps News","https://scrippsnews.com/feed",scrippsnews.com,,NETWORK,"Network-level failure. Re-run on healthy runtime or later schedule.","02/18/2026","02/18/2026"
"United States","US","Seattle Times","https://seattletimes.com/feed",seattletimes.com,,NETWORK,"Network-level failure. Re-run on healthy runtime or later schedule.","02/18/2026","02/18/2026"
"United States","US","Semafor","https://semafor.com/feed",semafor.com,,NETWORK,"Network-level failure. Re-run on healthy runtime or later schedule.","02/18/2026","02/18/2026"
"United States","US","Slate","https://slate.com/feeds/all.rss",slate.com,,NETWORK,"Network-level failure. Re-run on healthy runtime or later schedule.","02/18/2026","02/18/2026"
"United States","US","Space.com","https://space.com/feed",space.com,,NETWORK,"Network-level failure. Re-run on healthy runtime or later schedule.","02/18/2026","02/18/2026"
"United States","US","Sports Illustrated","https://si.com/feed",si.com,,NETWORK,"Network-level failure. Re-run on healthy runtime or later schedule.","02/18/2026","02/18/2026"
"United States","US","Star Tribune","https://startribune.com/feed",startribune.com,,NETWORK,"Network-level failure. Re-run on healthy runtime or later schedule.","02/18/2026","02/18/2026"
"United States","US","STAT News","https://statnews.com/feed",statnews.com,,NETWORK,"Network-level failure. Re-run on healthy runtime or later schedule.","02/18/2026","02/18/2026"
"United States","US","Tampa Bay Times","https://tampabay.com/feed",tampabay.com,,NETWORK,"Network-level failure. Re-run on healthy runtime or later schedule.","02/18/2026","02/18/2026"
"United States","US","TechCrunch","https://techcrunch.com/feed/",techcrunch.com,,NETWORK,"Network-level failure. Re-run on healthy runtime or later schedule.","02/18/2026","02/18/2026"
"United States","US","The Athletic","https://theathletic.com/feed",theathletic.com,,NETWORK,"Network-level failure. Re-run on healthy runtime or later schedule.","02/18/2026","02/18/2026"
"United States","US","The Atlantic","https://www.theatlantic.com/feed/all/",theatlantic.com,,NETWORK,"Network-level failure. Re-run on healthy runtime or later schedule.","02/18/2026","02/18/2026"
"United States","US","The Daily Beast","https://thedailybeast.com/feed",thedailybeast.com,,NETWORK,"Network-level failure. Re-run on healthy runtime or later schedule.","02/18/2026","02/18/2026"
"United States","US","The Hill","https://thehill.com/feed",thehill.com,,NETWORK,"Network-level failure. Re-run on healthy runtime or later schedule.","02/18/2026","02/18/2026"
"United States","US","The Hollywood Reporter","https://hollywoodreporter.com/feed",hollywoodreporter.com,,NETWORK,"Network-level failure. Re-run on healthy runtime or later schedule.","02/18/2026","02/18/2026"
"United States","US","The Intercept","https://theintercept.com/feed",theintercept.com,,NETWORK,"Network-level failure. Re-run on healthy runtime or later schedule.","02/18/2026","02/18/2026"
"United States","US","The New York Times","https://rss.nytimes.com/services/xml/rss/nyt/HomePage.xml",rss.nytimes.com,,NETWORK,"Network-level failure. Re-run on healthy runtime or later schedule.","02/18/2026","02/18/2026"
"United States","US","The New Yorker","https://www.newyorker.com/feed/everything",newyorker.com,,NETWORK,"Network-level failure. Re-run on healthy runtime or later schedule.","02/18/2026","02/18/2026"
"United States","US","The Verge","https://www.theverge.com/rss/index.xml",theverge.com,,NETWORK,"Network-level failure. Re-run on healthy runtime or later schedule.","02/18/2026","02/18/2026"
"United States","US","Time","https://time.com/feed",time.com,,NETWORK,"Network-level failure. Re-run on healthy runtime or later schedule.","02/18/2026","02/18/2026"
"United States","US","USA Today","http://rssfeeds.usatoday.com/UsatodaycomNation-TopStories",rssfeeds.usatoday.com,,NETWORK,"Network-level failure. Re-run on healthy runtime or later schedule.","02/18/2026","02/18/2026"
"United States","US","Vanity Fair","https://vanityfair.com/feed",vanityfair.com,,NETWORK,"Network-level failure. Re-run on healthy runtime or later schedule.","02/18/2026","02/18/2026"
"United States","US","Variety","https://variety.com/feed",variety.com,,NETWORK,"Network-level failure. Re-run on healthy runtime or later schedule.","02/18/2026","02/18/2026"
"United States","US","VentureBeat","https://venturebeat.com/feed/",venturebeat.com,,NETWORK,"Network-level failure. Re-run on healthy runtime or later schedule.","02/18/2026","02/18/2026"
"United States","US","Vice News","https://vice.com/feed",vice.com,,NETWORK,"Network-level failure. Re-run on healthy runtime or later schedule.","02/18/2026","02/18/2026"
"United States","US","Vox","https://www.vox.com/rss/index.xml",vox.com,,NETWORK,"Network-level failure. Re-run on healthy runtime or later schedule.","02/18/2026","02/18/2026"
"United States","US","Vulture","https://vulture.com/feed",vulture.com,,NETWORK,"Network-level failure. Re-run on healthy runtime or later schedule.","02/18/2026","02/18/2026"
"United States","US","Wall Street Journal","https://feeds.a.dj.com/rss/RSSWorldNews.xml",feeds.a.dj.com,,NETWORK,"Network-level failure. Re-run on healthy runtime or later schedule.","02/18/2026","02/18/2026"
"United States","US","Washington Post","https://washingtonpost.com/feed",washingtonpost.com,,NETWORK,"Network-level failure. Re-run on healthy runtime or later schedule.","02/18/2026","02/18/2026"
"United States","US","WebMD","https://webmd.com/feed",webmd.com,,NETWORK,"Network-level failure. Re-run on healthy runtime or later schedule.","02/18/2026","02/18/2026"
"United States","US","Wired","https://www.wired.com/feed/rss",wired.com,,NETWORK,"Network-level failure. Re-run on healthy runtime or later schedule.","02/18/2026","02/18/2026"
"United States","US","ZDNet","https://www.zdnet.com/news/rss.xml",zdnet.com,,NETWORK,"Network-level failure. Re-run on healthy runtime or later schedule.","02/18/2026","02/18/2026"
